,ST,ST_conf
theta_p,0.41703080762862405,0.03750876159735987
theta_i,0.10759570250883436,0.015648901976499707
app,0.006717483751004739,0.0007534167007412143
api,0.006000070616121249,0.0006390705975604597
bip,0.000291283026017033,6.157422747920299e-05
bii,0.4922885851098045,0.04345815458688027
